classifier,accuracy,precision,recall,f1_score,accuracy_std,precision_std,recall_std
Attention U-Net,0.8928888320922852,0.9324950491670985,0.8928888320922852,0.9122622632212622,0.10986444181567702,0.03904708741865704,0.10986444181567702
