classifier,accuracy,precision,recall,f1_score,accuracy_std,precision_std,recall_std
Attention U-Net,0.8726873397827148,0.9164397509829101,0.8726873397827148,0.8940285712337676,0.13595074453599265,0.06356975856396005,0.13595074453599265
